{
  "kind": {
    "Isotonic": {
      "xs": [
        0.028815789473684218,
        0.062089552238805974,
        0.10488636363636368,
        0.15095744680851064,
        0.18423076923076923,
        0.22876811594202898,
        0.27483870967741947,
        0.29914893617021276,
        0.32000000000000006,
        0.34446808510638294,
        0.37928571428571434,
        0.41451612903225804,
        0.44333333333333336,
        0.47500000000000003,
        0.5018181818181818,
        0.526,
        0.569,
        0.6,
        0.62,
        0.64,
        0.65,
        0.66,
        0.67,
        0.68,
        0.73,
        0.7399999999999999,
        0.75,
        0.78,
        0.79,
        0.82,
        0.83,
        0.84,
        0.86,
        0.87,
        0.88,
        0.91,
        0.92,
        0.93,
        0.9499999999999998,
        0.96,
        0.97,
        0.98
      ],
      "ys": [
        0.017543859649122806,
        0.05970149253731343,
        0.09090909090909091,
        0.19148936170212766,
        0.19230769230769232,
        0.2536231884057971,
        0.3225806451612903,
        0.3404255319148936,
        0.3684210526315789,
        0.3829787234042553,
        0.4642857142857143,
        0.4838709677419355,
        0.5833333333333334,
        0.7142857142857143,
        0.7272727272727273,
        0.8,
        0.8,
        1.0,
        1.0,
        1.0,
        1.0,
        1.0,
        1.0,
        1.0,
        1.0,
        1.0,
        1.0,
        1.0,
        1.0,
        1.0,
        1.0,
        1.0,
        1.0,
        1.0,
        1.0,
        1.0,
        1.0,
        1.0,
        1.0,
        1.0,
        1.0,
        1.0
      ]
    }
  },
  "n_fit": 1008,
  "clamp_lo": 0.01,
  "clamp_hi": 0.99
}